INSERT INTO PUBLIC.AUTHOR (ID, BIRTHDAY, FULL_NAME) VALUES (3, '1947-09-21 19:23:37.939000000', 'Stephen King');
INSERT INTO PUBLIC.AUTHOR (ID, BIRTHDAY, FULL_NAME) VALUES (7, '1947-09-21 19:23:37.939000000', 'R.A. Salvatore');
INSERT INTO PUBLIC.AUTHOR (ID, BIRTHDAY, FULL_NAME) VALUES (10, '1890-03-20 19:23:37.939000000', 'H.P. Lovecraft ');
INSERT INTO PUBLIC.AUTHOR (ID, BIRTHDAY, FULL_NAME) VALUES (13, '1986-10-08 19:23:37.939000000', 'Frank Herbert');
INSERT INTO PUBLIC.AUTHOR (ID, BIRTHDAY, FULL_NAME) VALUES (15, '1903-06-25 19:23:37.939000000', 'George Orwell');
INSERT INTO PUBLIC.AUTHOR (ID, BIRTHDAY, FULL_NAME) VALUES (18, '1952-03-11 19:23:37.939000000', 'Douglas Adams');

INSERT INTO PUBLIC.GENRE (ID, NAME) VALUES (2, 'Horror');
INSERT INTO PUBLIC.GENRE (ID, NAME) VALUES (6, 'Fantasy');
INSERT INTO PUBLIC.GENRE (ID, NAME) VALUES (12, 'Sci-fi');
INSERT INTO PUBLIC.GENRE (ID, NAME) VALUES (17, 'Comedy');

INSERT INTO PUBLIC.BOOK (ID, CONTENT, DESCRIPTION, IMAGE_URL, NAME, PUBLISH_YEAR, RATING, GENRE_ID, PUBLISHER_ID) VALUES (1, null, 'Description', 'https://i.pinimg.com/originals/11/c1/8f/11c18fbb50b3abe089e5f519cc1988cb.png', 'It', 1986, null, 2, null);
INSERT INTO PUBLIC.BOOK (ID, CONTENT, DESCRIPTION, IMAGE_URL, NAME, PUBLISH_YEAR, RATING, GENRE_ID, PUBLISHER_ID) VALUES (4, null, null, 'http://assets-cdn.shortlist.com/app/uploads/2012/06/24225210/30-most-evil-lines-from-books-3.jpg', 'The Shining', 1977, null, 2, null);
INSERT INTO PUBLIC.BOOK (ID, CONTENT, DESCRIPTION, IMAGE_URL, NAME, PUBLISH_YEAR, RATING, GENRE_ID, PUBLISHER_ID) VALUES (5, null, null, 'https://s-media-cache-ak0.pinimg.com/originals/ac/f9/56/acf95607f3684997f9ef1f4fac7d3326.jpg', 'Icewind Dale', 1988, null, 6, null);
INSERT INTO PUBLIC.BOOK (ID, CONTENT, DESCRIPTION, IMAGE_URL, NAME, PUBLISH_YEAR, RATING, GENRE_ID, PUBLISHER_ID) VALUES (8, null, null, 'https://vignette.wikia.nocookie.net/forgottenrealms/images/b/be/Sea_of_Swords.jpg/revision/latest?cb=20070219001247', 'Sea of Swords', 2001, null, 6, null);
INSERT INTO PUBLIC.BOOK (ID, CONTENT, DESCRIPTION, IMAGE_URL, NAME, PUBLISH_YEAR, RATING, GENRE_ID, PUBLISHER_ID) VALUES (9, null, null, 'https://upload.wikimedia.org/wikipedia/en/5/55/The-Dream-Quest-of-Unknown-Kadath.jpg', 'The Dream-Quest of Unknown Kadath', 1943, null, 6, null);
INSERT INTO PUBLIC.BOOK (ID, CONTENT, DESCRIPTION, IMAGE_URL, NAME, PUBLISH_YEAR, RATING, GENRE_ID, PUBLISHER_ID) VALUES (11, null, null, 'https://i.pinimg.com/originals/1e/6f/6f/1e6f6fdedbdd9ab1ed3dc1a107a1b87e.jpg', 'Dune', 1963, null, 12, null);
INSERT INTO PUBLIC.BOOK (ID, CONTENT, DESCRIPTION, IMAGE_URL, NAME, PUBLISH_YEAR, RATING, GENRE_ID, PUBLISHER_ID) VALUES (14, null, null, 'https://s-media-cache-ak0.pinimg.com/originals/6f/cf/76/6fcf76874ffe4ba02a7c23fac931d17c.jpg', '1984', 1949, null, 12, null);
INSERT INTO PUBLIC.BOOK (ID, CONTENT, DESCRIPTION, IMAGE_URL, NAME, PUBLISH_YEAR, RATING, GENRE_ID, PUBLISHER_ID) VALUES (16, null, null, 'https://vignette.wikia.nocookie.net/hitchhikers/images/1/11/The_Hitchhiker%27s_Guide_to_the_Galaxy.jpg/revision/latest?cb=20140520174710', 'The Hitchhiker''s Guide to the Galaxy', 1979, null, 17, null);

INSERT INTO PUBLIC.BOOK_AUTHOR_DETAIL (BOOK_ID, AUTHOR_ID) VALUES (4, 3);
INSERT INTO PUBLIC.BOOK_AUTHOR_DETAIL (BOOK_ID, AUTHOR_ID) VALUES (5, 7);
INSERT INTO PUBLIC.BOOK_AUTHOR_DETAIL (BOOK_ID, AUTHOR_ID) VALUES (8, 7);
INSERT INTO PUBLIC.BOOK_AUTHOR_DETAIL (BOOK_ID, AUTHOR_ID) VALUES (9, 10);
INSERT INTO PUBLIC.BOOK_AUTHOR_DETAIL (BOOK_ID, AUTHOR_ID) VALUES (11, 13);
INSERT INTO PUBLIC.BOOK_AUTHOR_DETAIL (BOOK_ID, AUTHOR_ID) VALUES (14, 15);
INSERT INTO PUBLIC.BOOK_AUTHOR_DETAIL (BOOK_ID, AUTHOR_ID) VALUES (16, 18);