INSERT INTO PUBLIC.AUTHOR (ID, BIRTHDAY, FULL_NAME) VALUES (3, '1947-09-21 22:29:12.499000000', 'Stephen King');
INSERT INTO PUBLIC.AUTHOR (ID, BIRTHDAY, FULL_NAME) VALUES (7, '1947-09-21 22:29:12.499000000', 'R.A.Salvatore');
INSERT INTO PUBLIC.AUTHOR (ID, BIRTHDAY, FULL_NAME) VALUES (10, '1890-03-20 22:29:12.499000000', 'H.P.Lovecraft ');

INSERT INTO PUBLIC.GENRE (ID, NAME) VALUES (2, 'Horror');
INSERT INTO PUBLIC.GENRE (ID, NAME) VALUES (6, 'Fantasy');



INSERT INTO PUBLIC.BOOK (ID, CONTENT, DESCRIPTION, IMAGE_URL, NAME, PUBLISH_YEAR, RATING, GENRE_ID, PUBLISHER_ID) VALUES (1, null, 'Description', 'https://i.pinimg.com/originals/11/c1/8f/11c18fbb50b3abe089e5f519cc1988cb.png', 'It', 1986, null, 2, null);
INSERT INTO PUBLIC.BOOK (ID, CONTENT, DESCRIPTION, IMAGE_URL, NAME, PUBLISH_YEAR, RATING, GENRE_ID, PUBLISHER_ID) VALUES (4, null, null, 'http://assets-cdn.shortlist.com/app/uploads/2012/06/24225210/30-most-evil-lines-from-books-3.jpg', 'The Shining', 1977, null, 2, null);
INSERT INTO PUBLIC.BOOK (ID, CONTENT, DESCRIPTION, IMAGE_URL, NAME, PUBLISH_YEAR, RATING, GENRE_ID, PUBLISHER_ID) VALUES (5, null, null, null, 'Icewind Dale', 1988, null, 6, null);
INSERT INTO PUBLIC.BOOK (ID, CONTENT, DESCRIPTION, IMAGE_URL, NAME, PUBLISH_YEAR, RATING, GENRE_ID, PUBLISHER_ID) VALUES (8, null, null, null, 'Sea of Swords', 2001, null, 6, null);
INSERT INTO PUBLIC.BOOK (ID, CONTENT, DESCRIPTION, IMAGE_URL, NAME, PUBLISH_YEAR, RATING, GENRE_ID, PUBLISHER_ID) VALUES (9, null, null, 'https://upload.wikimedia.org/wikipedia/en/5/55/The-Dream-Quest-of-Unknown-Kadath.jpg', 'The Dream-Quest of Unknown Kadath', 1943, null, 6, null);

INSERT INTO PUBLIC.BOOK_AUTHOR_DETAIL (BOOK_ID, AUTHOR_ID) VALUES (1, 3);
INSERT INTO PUBLIC.BOOK_AUTHOR_DETAIL (BOOK_ID, AUTHOR_ID) VALUES (4, 3);
INSERT INTO PUBLIC.BOOK_AUTHOR_DETAIL (BOOK_ID, AUTHOR_ID) VALUES (5, 7);
INSERT INTO PUBLIC.BOOK_AUTHOR_DETAIL (BOOK_ID, AUTHOR_ID) VALUES (8, 7);
INSERT INTO PUBLIC.BOOK_AUTHOR_DETAIL (BOOK_ID, AUTHOR_ID) VALUES (9, 10);

